Noun,PC1,PC2,PC3,Frequency
waver,8.761418855266875,1.708068868920659,0.9769252925140347,50
wiper,8.339597220183114,-2.1002724137244115,-0.4339103184507,20
retard,8.119170824569862,1.5505521494577903,-0.16356130809892785,38
cultist,8.050219611790775,0.12068614315106789,-0.37214108899086473,26
occult,7.297977750788946,1.0410202182855914,-0.35729410556992364,286
tease,7.117812378541842,1.5704818661665765,0.5005196949644548,170
abstainer,6.979373465928685,-0.0689124193498252,-0.5106001705626659,8
naturist,6.490485840610807,-0.504966154432819,-2.005523393099779,7
initiate,6.466903036266983,0.92920340033781,0.20220100048231912,703
protectionist,6.131369441332671,-1.992752498302785,-1.4688317890974616,99
offspring,6.032885025453994,-0.42742291873469995,1.0075306143101337,967
intimate,5.533519233842635,-0.6251797262386746,1.1134835153752258,968
hugger,5.34639501979954,2.319992794703871,-0.597037872397621,13
mute,5.339400162237969,0.1649944939292028,0.5927096453835757,208
ancient,5.333362470131314,-1.4543807058117841,0.593419615956253,6756
recombinant,5.223708530339983,1.3132367171440558,-1.8759892061363783,56
dupe,5.124931692937142,0.9808641264361007,0.4588130236219705,21
sport,5.1030137826780555,1.097992711010847,1.12861083952945,11406
tinker,5.005615409540552,-0.39873601864998603,1.0560768145109753,311
moderationist,4.916731930493825,-0.4206218623415268,-0.08116562321694265,10
millenarian,4.666879436431913,-1.6937533589732585,-0.20852034899273075,23
nazi,4.355298085473368,0.8556453926902,1.6953397239680665,3538
hanger,4.348542146844232,1.4451893399773872,-1.325441345222519,86
scalawag,4.332302445984443,-1.2039816179594371,0.36494092453038496,14
decoder,4.157649162014166,1.2476842195921642,-1.736496607480183,20
equal,4.115679446127503,0.9360905218070832,0.6989907108248439,4058
republican,4.108922247792506,-0.001762062507153458,0.20867315816751383,7603
materialist,4.035261816917145,-2.190336627839925,0.5170970448711207,40
copycat,3.8442657219103578,-0.672302869992001,-0.6447645486692772,51
family,3.807602780083452,3.4887399232767575,0.9948439908770664,40462
positivist,3.7987510474308173,-1.8592378177009283,-0.23630348025823358,51
coon,3.76286496968311,-0.9825143326505104,-2.664610316382987,209
syndicalist,3.7558553944234694,-1.799418496999425,-1.5541692226928623,77
relict,3.7462410434043525,0.07387554197538347,-1.650220031692822,51
pygmy,3.703583949336018,-1.663603678004066,-1.6259917559478836,321
class,3.676736623120429,5.113964135680771,0.8235673097355907,26477
nudist,3.6604900478169795,-1.2766347160150406,-2.3157751013720906,14
failure,3.6464863739615296,1.6728789794650223,-0.34359046615356464,6348
propagator,3.5890353400781736,-0.3882416239778782,0.7097802564854406,12
deist,3.581671765926906,-3.0423296415184913,0.06000425102602945,46
aboriginal,3.57635451427283,-0.42320147010449055,0.49366231338969063,902
flora,3.5015589053848237,2.7449959060807028,-0.4233548544923644,901
specifier,3.4833069180248857,0.26774903652372556,0.5441197245827584,8
distributor,3.443939043183334,-0.12890997605133678,0.44786943639869226,837
cripple,3.423479395893744,1.3931433721240467,-0.6007346111662815,151
transfer,3.4219216205991265,1.0502855401523692,0.40113505053177057,4440
opposite,3.4216794056537574,1.6251104545372246,0.955073920540363,3754
albino,3.4120707734368327,1.2162076684828749,-0.9481894211052565,96
rationalist,3.316578096950441,-1.6451629798046752,1.816298659689101,61
official,3.298329676196904,0.9951835229487063,-0.47217702464526,21495
planner,3.267939459444436,-1.132976579221376,1.2899860417257305,530
lefty,3.2514692785416495,-1.5548618163379944,-3.796025279613632,94
diploid,3.2414854622627205,0.3652996171826184,-2.152657984654377,105
secularist,3.2295919707011596,-1.5930967056918564,0.5602988202267334,16
appointment,3.2200307371974533,0.2831220352488717,-0.7565312119946312,3398
producer,3.193638552197429,-1.078296517107231,-0.30760437207473185,16635
humanist,3.180916678038587,-1.6440982969131157,-0.6414103108611828,256
primitive,3.1706702245706655,-0.4986100818050791,-1.6093196681288047,1125
runt,3.1371018287772863,-0.3293777490526047,-3.3272209387471174,28
individualist,3.1151160915458562,-2.8473675335652002,-0.21319144694468808,72
contemporary,3.1085273047552304,-0.369474283101576,0.4597055823531986,8305
heathen,3.106601602312142,-1.583667957305304,-0.4291288364914412,255
fauna,3.0873130186899647,3.209600072982782,1.385660982039557,694
libertine,3.0718691219499226,-0.4333623840596516,-0.8316290811220237,65
illusionist,3.068828043698137,-1.930621647851369,-0.3690543584796433,33
balance,3.0616371027463316,5.040607407770059,1.6774244003280372,2897
developer,3.0164964705878807,-1.912421191824571,-0.08476358624168163,3541
centrist,2.9562418245245325,-1.1800920148342249,-0.26398474525966054,75
superior,2.9516379082470126,1.5202363576966287,0.8384082079682995,3486
terror,2.950990433693141,5.1986329243708775,1.179303036526042,1067
beloved,2.9492131811777265,-1.3982989618003647,-1.8015923954602484,551
advocate,2.9309442162914494,-1.6479771133891885,1.7606056250413147,2018
paraplegic,2.9218804531262133,-0.5024984927025316,-0.7096826058474295,66
scourge,2.8978169277723214,4.182748700394127,1.5822852738206052,67
palaeontologist,2.8958238559820466,-1.1107070352351853,0.26919246411689357,134
antiquarian,2.86333416049166,-1.9377889295032045,-0.12052562774202144,333
climatologist,2.796720429315579,-0.9927974558435628,2.640812667533273,16
federalist,2.7857210574144995,-1.334446570918205,-0.5376436008071426,538
conservative,2.778570895770677,-1.2211162444361974,-0.9842507071873259,4969
oceanographer,2.7547643643667468,-1.547605332791353,2.2017324315678914,33
passer,2.7371058497440366,-0.33513543975182974,0.3423645327604209,338
romanticist,2.7041121448020733,-2.666137224024461,-1.5522942868534353,24
samurai,2.6240191062716027,-1.068133506258902,-0.13206871773594586,259
progressive,2.623581417596808,-0.7268502837705876,0.3853611546566665,2040
linguist,2.5986435946267776,-0.08626078779503223,1.7492181360235475,257
pansy,2.5523990958668845,0.7840673573754207,-1.748746752057285,20
natural,2.5461879139388452,0.33628869620940455,-0.22265907187246914,10248
counter,2.533437042825531,1.9933429882210996,2.875280023377199,3974
selector,2.521095289776883,0.3199093839728078,1.527551014444276,528
bleacher,2.510492144654628,1.542506067327687,-0.1366518385317716,130
secular,2.5087071632552695,0.15311576541480168,-0.8666848439815896,1095
originator,2.5066124114540065,-1.8712155278209457,-0.2723765809269119,105
fuller,2.4960415597837895,-0.7004084064199309,-0.8123999454385149,923
subversive,2.492231569629112,0.40752798989525263,0.019689643069433313,251
mastermind,2.4830677504030048,-0.6718365811670642,0.795232936398212,148
archivist,2.4793004787945923,-0.49540806783535746,1.6295405556097375,84
hybrid,2.4620559790831362,1.4087311378601985,-1.2141354489297058,1895
relative,2.455504671580092,2.0681544853256772,-1.0229806117688294,5427
honey,2.4507469777659847,1.5277279154330488,-0.3293121057333013,1019
publicist,2.4079802315933776,-0.21652053936706095,0.847963135568073,242
geographer,2.4049371822289713,-0.5689125833409558,0.6940313724920089,174
censor,2.398921914369703,0.333154694501189,1.0854655448119874,598
liberal,2.395589797258632,-1.2515765651588204,-0.7003872688528263,4407
agnostic,2.386667121806661,-2.8769551326397775,0.5798904592967521,161
recusant,2.368260522396946,0.94177028239566,-0.4759547204510745,48
pagan,2.349965564207298,0.03158239759468879,0.13475002501648123,1114
libertarian,2.3461748087436005,-1.7323123090590364,0.01847060507998049,389
authority,2.343310744750824,3.1636190812004794,2.240215970638871,12864
heterosexual,2.340511602557033,-0.05539711495925701,-0.6992911453439954,304
spade,2.3193342874929863,3.5496032503549966,-0.6125528658097371,151
forerunner,2.318422153813441,-0.8134608025982601,-0.26267647569714186,547
pleaser,2.29366854928833,-0.049935123224694705,0.14051917552977636,28
rafter,2.2804123951778372,2.7397992099848847,0.65445164981337,149
reformist,2.2669536074994108,-0.0009706135289165383,0.1491282026894812,178
plebeian,2.249588186670734,-1.3376813106145424,-0.612376128772319,286
oddball,2.2391069059576285,-1.0666933317386855,-0.85829508058036,43
initiator,2.220264141959567,-1.4255055325241122,-0.32545398885545584,108
precursor,2.215867577798485,0.015228660797525868,-1.0029677868717979,1045
director,2.2064328252343763,-0.7888901507936865,0.1782246850290868,19833
numismatist,2.2024701521942425,-1.3157772386030213,0.6762545914787431,151
allocator,2.190201933966677,3.3377429538202947,-0.11753958368641933,79
assignee,2.189798822622382,0.11313565430310867,1.295066452273018,15
radical,2.1689693725004977,-0.27174077188482504,-0.9056263256454021,2436
geologist,2.144379986178375,-1.2518783831571938,1.076207144619474,415
shrimp,2.1443154453631963,2.9798737852004438,0.04452210989047239,419
closer,2.1437892334212063,-0.08294443353709635,0.5947578598291182,3333
monolingual,2.143729255541456,-1.1618196753238275,-0.6486024380739234,26
extremist,2.139458976114692,0.47071571580148924,0.3894613633224041,219
preserver,2.115652233140186,1.119996302218877,-1.2920564381024053,31
gay,2.0781016852811285,0.35705989818410433,-0.7807652475288943,4330
biologist,2.061454026854407,-1.0143624234581017,0.009431135989848826,530
boob,2.0579229194298545,1.703599945330557,-1.6922773269247702,29
partisan,2.05404284980109,1.2926796186932843,-0.07437357811235305,1958
referral,2.0516200626998793,2.0741826415480316,0.14085866283913967,81
freethinker,2.0489124798801774,-2.6085216331515095,-0.5093631898205402,20
nationalist,2.047774724699307,-0.3571461057015033,-0.028303266088729215,2020
incompetent,2.040648377675587,-0.2750301598669829,-0.8361640637077792,254
darling,2.0403469552100857,-0.8776810531982391,0.07518789283416988,430
secessionist,2.0209986095516506,-0.10143425748517813,-0.4435517299031901,119
substitute,2.000981855715247,3.3180014167751692,-0.9143880236537446,2033
gentile,1.9908145129755228,-0.35697071442689876,0.3042036609409847,81
creator,1.9833237113984248,-2.4761544706908225,-0.6218361423998008,3821
polyploid,1.9823216574328153,-0.15976735068727824,-2.8037227132497273,17
idler,1.9767929069111274,-0.88217417089346,-2.9653559457084837,35
anarchist,1.956993895371595,-1.3035964661102792,-0.47708318510710157,887
theorist,1.9426856956324565,-1.6334163069814909,1.3079577210931552,520
isolationist,1.9410656447496633,-1.6080893323369647,-0.6143414629305302,61
administrator,1.9327303512175813,-0.29209784236033165,1.156112534791697,1274
native,1.9241216197500095,-0.02758013118945938,-0.2814736607297511,9154
enemy,1.9176145870833328,1.58377739683409,0.8087251145463566,11635
catalyst,1.914555581878337,1.324116979188394,0.16083741832966453,547
populist,1.8920070707883907,0.08691969547804945,-0.02577692107050164,324
bather,1.881674256161792,-0.1537995778485474,0.46848396896809164,32
personification,1.8806868071244984,0.7326407499145251,0.8366974701547047,173
exchanger,1.8359583719116466,0.5050254263898718,0.9905969784384309,42
infidel,1.8241652647993627,-2.193895761556804,0.7134680367394526,67
broadcaster,1.8129484721866511,-1.1861484817019625,0.8258025116390757,812
researcher,1.7976116276499108,-0.22762428842187823,1.6755289503550757,2598
bookmaker,1.795975832822566,-0.26233917446368804,2.5731052531299246,110
trustee,1.791371177420783,0.7303993528391681,1.302029953918683,1526
adjudicator,1.7899723015833207,-0.3940122801453272,2.5925059855432138,16
supremacist,1.7753467738442656,-0.10985138390953875,0.12429075014906016,76
twin,1.7733622818672403,-0.7517253655007021,0.5667802183516876,4236
teaser,1.7713799486505932,2.806701651246787,-1.2275273883628492,531
proponent,1.7663005422893632,-0.2198816812166183,2.150277296346104,825
physicist,1.7659281929481125,-1.923722000219718,-0.5997137405762463,994
humorist,1.765321350770867,-1.841771195306973,0.11626237022413566,61
independent,1.7642669490320337,0.030612958255397886,-0.7878704281964685,9536
separatist,1.749431512997259,-0.5095456125418452,-0.22568772722198185,227
nonconformist,1.739501790852397,-0.5556058532645624,-0.43297894028022854,93
theoretician,1.7336819740662375,-1.2345075148166753,0.5479050283302703,35
analyst,1.7304400628805179,-0.11854503924822539,3.2599546110968767,1011
supernumerary,1.7199436069336536,-0.3717570554298232,-0.9869339873539806,46
rectifier,1.7157351341987206,2.062140893518431,0.5695880184974504,43
opposition,1.7142415736092098,4.532996174332482,1.657663726016918,6029
descendent,1.7012422222983519,-0.6284912929778386,-0.256985877518029,117
antiquary,1.69707569747648,-1.5611572330256887,0.06860621480810147,136
transsexual,1.6960549869924497,0.18663400113753098,-0.6175445308878976,79
propagandist,1.6842571855074684,-0.24701229166182376,0.5885888767938042,89
elder,1.6500480386263698,0.18995418224297447,0.8216033129604463,2499
prayer,1.6422218390896484,4.647271506686646,0.23000280636008322,2204
internationalist,1.6402575144594482,-2.1967982158336765,-0.9154534032234167,112
seer,1.6360629854836495,-0.17124681321318827,2.016869911274352,85
microorganism,1.6347701201028069,3.57898568186471,-0.10888691328371738,167
sleeper,1.6237631911394008,0.8951835438970469,-1.7463070389676203,345
inventor,1.6156925751854754,-2.1369328362007582,-0.4985851665816035,547
asthmatic,1.6116657689539087,-1.6938801900178608,0.1332293011591468,38
cottager,1.6077357330580515,-1.6821276634742697,0.8906738187163991,16
matador,1.5999094965355116,-1.4084422747948595,-1.7056103635242843,80
conservator,1.5933000629648006,0.38166349861552856,1.1608560587031727,82
viewer,1.592524152242838,-0.1290104707237766,2.5755300408132937,8380
flake,1.5853990546514776,5.2622192151642295,-0.18902592038253388,130
plantsman,1.5783531185607036,-1.6706026738592001,0.5985606694256747,11
pacifist,1.5695359655621073,-2.2709115978205836,-0.4321251558588161,162
great,1.5665177910576127,-0.03116148050723392,-1.3306867410030738,31164
washer,1.5608679666754794,0.7224200523123143,-1.699368501276304,42
executor,1.5559289611113707,0.4109467650419789,0.20736071970638242,189
genealogist,1.5455714425743527,-0.6439585249653651,0.7415973774763234,57
paleontologist,1.5433918415377599,-1.6285277942748893,-0.03331590284463898,449
powerhouse,1.5384589146959091,-0.0749384023785716,-0.2626830960143941,246
intellectual,1.5306697634685504,0.5024109629332258,-1.1595607749900798,1993
discoverer,1.5155699369369282,-2.642308996871415,-0.420496653423955,216
moneymaker,1.5138964113645765,-0.9835303013264269,0.2827179483846591,18
buff,1.5011046640466679,2.622959291449421,1.4035371220195298,500
minor,1.4912860489366413,-0.5345379802517584,-1.0318955183530822,9972
saver,1.4861896763305888,0.46050913170669083,-1.6333839983169227,36
sweater,1.4651207293876316,3.1887104691040586,-1.1352379234474057,201
skeptic,1.4549713282580599,-0.7193304999711987,3.8407435419881457,210
philosopher,1.4549559081584367,-1.3740998146147272,0.12475765770692919,1598
apologist,1.43801348133764,-0.9890220520579548,2.5906478807429223,55
teetotaler,1.4369124335507344,-2.7892409535266447,-1.0949725351030686,28
suffragist,1.4236970076978464,-1.3554930066345985,-1.0630827192988492,88
anatomist,1.4214080860108789,-0.8733572455568254,0.6558563097703966,119
alchemist,1.414368945113702,-1.529097846172014,-0.48410173278629204,155
crossbreed,1.4057165528562838,1.8147223195616362,-0.4936942565886202,26
favorite,1.3986131577563488,-0.37796663251810975,-1.3858943266248744,4215
arbiter,1.3958745712363065,-0.10011826058622303,1.941124175644979,270
mutant,1.3901709576665382,0.29550378948303535,-0.6736352751043732,626
guerilla,1.3884652640323396,0.013570132890171845,-0.4960205965383386,142
strikebreaker,1.3816646087464544,0.35471389033874706,0.621784464450037,30
realist,1.36748539790281,-2.159970066949277,-0.18435527552817985,195
bisexual,1.3657976135927858,-1.175534930515858,-0.6960824555888896,307
prospect,1.3655885366835279,0.1218562460870324,0.3969097921076202,2190
pragmatist,1.3576150447125976,-3.2028152636032505,0.3032273676474096,27
designer,1.3211416388194042,-1.5913213859779038,-0.9134614385009496,4170
prophet,1.3210668975791628,-1.6785902650154334,0.7884416838062291,771
lot,1.3067101251545736,2.364301439697577,-0.010080007519607874,7561
humanitarian,1.2772154559986986,-0.5654400113599745,-1.3657168883307302,711
stripper,1.276860446219104,0.15610216942664745,-0.8462201063998858,248
psychic,1.2762015201804437,1.4855602710596703,-0.3804622975817925,439
amateur,1.2717694540599973,0.25200990344811025,-1.815812596270868,2465
jurist,1.269275548031715,-1.011816186578948,0.5560934130733692,192
absentee,1.255838377495815,-0.011862175426621633,-0.8729292789503151,117
auditor,1.242909215647506,0.6386977055976156,2.6971484728376875,281
writer,1.2405829317387291,-1.360531715181313,0.905133957710206,19199
feudatory,1.2380384270332978,-0.5827687566790006,-0.9863781356458486,71
strategist,1.2368967009365337,-1.478022088051255,0.5983571698551766,162
grunt,1.235418862898998,5.124915829175338,-0.1612212517891751,189
reader,1.2245905067272354,-0.12882575268279522,2.772825227804492,4175
divider,1.2184731160735747,2.744671290986756,0.7838998387756088,56
zombie,1.2081032808488865,1.5676183380546396,-0.3693435381351167,943
pet,1.2043617276991472,1.7912773381025802,-2.264237089800849,1367
steward,1.203856214117962,1.3661084678392819,2.6472969728568962,551
knocker,1.198236951766606,3.8059044764770835,-0.4794286163316314,25
inferior,1.1951173329616067,1.366457661587516,-0.5262915455192109,893
idealist,1.1908055896542757,-2.2219828940967705,-0.06795088511842828,67
party,1.1861890874515209,3.8460352477286537,1.9037549679753136,30483
irregular,1.1748419015728562,0.612393411710241,-1.1827365524230036,1053
militarist,1.1676416841839796,-0.35867967303465403,-0.29159425210488543,27
spectator,1.1646551074873253,-0.4882859375401664,0.8982313368802345,1790
stakeholder,1.1582941359762111,0.022953014128197193,1.5882776340894411,92
revolutionary,1.1342177138443315,-2.1940174702680295,-1.915804800350647,3422
chief,1.1330991114052753,-0.9155994252906168,-2.0322957351434243,14343
logician,1.1310151150742782,-2.0461942016534374,-0.07843290308664114,17
sibling,1.1133604995573216,0.9317862474815136,-0.5756955300998078,1277
savage,1.1119642321816137,0.6748169910147201,-0.9263676935140952,1332
denier,1.1092229187290785,-2.117620461733792,1.5374638154243483,100
mathematician,1.0894836902395788,-0.7204273506314148,-0.36334967492603626,689
unionist,1.0810790796568623,-1.0220776151042796,0.20579304577187305,309
mailer,1.0777984621067933,-0.031292392640894014,-0.6861409305452295,36
national,1.0676057631673754,0.9964924022121046,-0.952768678609231,46210
anatomy,1.0618369527866611,2.3247542510273,0.325842309847186,1088
treasurer,1.0550537285546793,0.5436356948647947,0.9584850535891066,683
transvestite,1.0163977099593322,0.07531081775876568,-0.896558548244918,47
visionary,1.0040083455651527,-2.182514620824859,-0.9566719633333083,226
heavyweight,0.9959070520850779,-0.20977996212477226,-1.5239599619689237,1845
regular,0.9910177062672167,0.07667006122860703,0.0005707428393518498,10668
oaf,0.9828001773729688,-1.746706295007562,-0.8321358701019228,11
pathfinder,0.9819551637577333,1.0592478364511773,-0.6038570967207415,114
whiz,0.9603447489947349,-0.5024227888042126,-0.823420302798423,37
employer,0.9538831258059023,1.437061914251341,0.2016898525186185,1263
trainer,0.9458935325137012,0.8499352497007051,1.3588572372954462,1020
oiler,0.945793116368341,-0.12213983095418435,-0.5909879175707777,590
finder,0.9422226628125565,-0.054663567702165995,1.657825782585139,163
wimp,0.9393853873582303,-1.0937100351475715,-2.145115815300217,13
reformer,0.9387288091634008,-2.1940016034483234,-0.42027524325522503,635
competition,0.9374326666121547,4.503619394266275,0.6965729852379828,10108
philistine,0.9338169092167535,-1.9195260751471108,-0.9966558399232167,61
tool,0.9294746799964515,3.15919944737386,-0.8189559101021209,3022
turncoat,0.9180234525834576,-1.6559893194491095,-1.0233798459602022,19
trimmer,0.9152974647935985,0.4169336354613636,0.11992577663348541,214
estimator,0.9109311218044644,0.8602113145872974,0.5625280647100126,12
fastener,0.9036365052694602,3.1247606871033655,-0.5527086966902374,21
surveyor,0.9011698168390718,-0.3110956120291858,-0.8542243778621426,524
warmonger,0.8944163081327265,-2.331860107808249,-0.4289264957611199,10
assistant,0.8903015613340506,0.3329571373468731,-0.4889605759078454,5764
author,0.8856437538928456,-1.8461429560801526,1.9870704175827365,11101
attraction,0.8723568273417818,2.554303022488993,0.2731560637248008,2317
judge,0.8694010124348458,-0.10758759353954321,2.0074787946775308,6788
apostate,0.861937744492773,-0.025274970709343373,0.37880546190306585,36
scholar,0.8554583583039788,-0.4365029940134363,0.8020289081906038,5654
rival,0.8542024778255853,1.2366875605884378,0.021433597573022826,5189
choreographer,0.8505488725552994,-0.6583597339155373,-0.5279253282235183,411
hedonist,0.8489938261212853,-0.6129032155915207,-1.1776570182069617,11
hobbyist,0.8483127036412248,-1.3137762007470548,0.512636012294235,72
nihilist,0.8440949391980779,-1.2544279407543428,-1.434689251538303,23
technocrat,0.8438888114214611,-2.2602838421363494,0.4056125846285152,13
listener,0.8287346664531493,-0.102942848434492,2.807527253048022,1403
layperson,0.8219978634703901,-1.7227549938044042,2.6140096764969516,27
pariah,0.8156976414557886,-0.8746329261737065,0.17775860237140698,41
repeater,0.8139553658609072,1.0134060070398911,0.27216797659596664,47
host,0.8110046227275062,-0.3295947567779695,0.20969621839163152,7023
mineralogist,0.810792750965162,-2.235854608364461,-0.19873003321561222,29
spearhead,0.7999318735038118,0.8162616803185201,-0.7930392034670644,173
holidaymaker,0.7928831733849941,-0.12990519973062195,-0.1955577181537679,17
revenant,0.7871353663494293,3.0385359270342436,1.4883239922095621,94
creditor,0.7651199885065556,-0.20802259507994625,0.7403663168264925,331
homosexual,0.7572416792423011,-0.3061152883718801,-0.18912765833748618,1014
spotter,0.7539433195015153,0.13697025907289,0.8594419924548229,131
category,0.7429785226081019,3.396681177187427,-1.3481808436121367,8148
signatory,0.7255618529132634,-2.4370927631409427,-0.5330216155634837,290
modeler,0.7145857655725871,-0.42062575245735834,0.1487351000500854,21
destroyer,0.7115186676521308,0.28186555526705914,-2.3982472003112614,5290
changer,0.7089703445598446,-0.5688081802875641,-1.1213536130949082,70
therapist,0.6997940528472131,2.151870173802399,2.5106031201652654,220
adherent,0.6765552789761724,-1.093132361148331,0.5796048397290413,418
creeper,0.6574608487822245,3.7133118709235036,-0.20829955552513177,79
hearer,0.6564146352551705,-1.0032818423527454,2.631469447431428,21
source,0.6502998199235116,2.1673244896110595,2.4838481513257284,14841
consumer,0.6393825763027168,-1.563960693010797,-0.08678094269897106,1785
artificer,0.6392875167058522,0.5492936109016302,0.4205755635990369,19
savior,0.6298511244798506,-1.1330933656264792,-0.7845346831011194,215
observer,0.6287012690833754,0.8363652194192521,3.4506584871468524,2919
metallurgist,0.626954876048972,-0.8751493395458153,-0.2504247431729576,39
face,0.6268045327827462,3.5575318880439726,1.1490271146961042,12406
parasite,0.6203031796654938,3.3694358707458467,-0.30911384303678163,1169
master,0.6168389194164525,-0.6117278446761658,-1.0670797688085454,8109
blogger,0.6126064871267669,-1.3657200927530995,1.2442105052203434,251
crusader,0.6087410158257424,-2.6354068655383625,-0.7962010770739041,1143
lawmaker,0.6027322814750622,-0.8491324965974083,0.8624461538586881,137
doubter,0.5989407581673732,-1.6863652719076794,3.534739543247842,23
owner,0.5741717071911472,-0.9681583898842645,0.8793227402140114,7251
logistician,0.5538503611831319,-1.4455767349101083,1.2607016235924824,7
liquidator,0.5412243181776378,-0.5345819911645054,0.9467031175541322,17
scout,0.5389193238930744,1.5186821989775126,-0.3332121565656419,3159
collector,0.5270892305866247,-1.9341978076336253,-0.20486271348669408,1881
instigator,0.5230053321905521,-1.0737243795110782,0.7824843644423534,98
diver,0.5195045850504529,0.1593569275143402,-0.4800419070163533,984
gutter,0.5190771713212189,3.403722593225051,0.8754334513328716,96
profiteer,0.5068661033435312,-1.2693424116383507,2.2087358743482173,12
topper,0.5006634354742774,-1.2359123252315722,-0.3075983630176706,162
sacrificer,0.47820416113958064,-0.9203942692638795,0.8270110809763197,7
mentor,0.4771039734734507,-1.5767648631129458,-0.45437315433414505,965
sissy,0.4525674139288676,-0.982931878519221,-0.4239226987510343,21
translator,0.45151510944449763,0.7960734365060008,0.6185522297276564,450
scrubber,0.45060980045442395,3.6505096474910057,0.2406933512172646,14
lunatic,0.44614051810565414,0.13910119892746076,-0.30505188311727377,191
banker,0.42976258724085575,-0.7637519779360061,-1.2655549322551147,624
scab,0.4252402038960525,4.487646392510127,0.1861235056727002,29
unbeliever,0.4246225850541077,-0.7770193025586222,1.434755257152692,38
volunteer,0.42282931644265453,0.8388823927480629,-0.4887590035750258,3677
spoiler,0.4202297725659492,2.5935935740509417,0.8806372916773453,145
occultist,0.41612714026334174,-1.2449551361391153,-0.24482293125863192,92
animator,0.4136041093807239,-2.03162724791098,-0.5925045159283969,1127
financier,0.4112265876484538,-0.860874798287027,-0.15938450553052527,243
gladiator,0.40651344723721655,-0.18507489515790299,-1.110486919191762,358
expert,0.39876668337226856,1.2952584517759982,1.1717202869464813,2833
contractor,0.39312539545803876,1.4694623883328106,-0.14971232157179418,973
junior,0.3888172918849223,-1.3523742895682265,-0.5687893382541224,4783
guardian,0.3877565499985598,1.630733805510859,-1.357091996446507,3600
beholder,0.3823019789114736,-1.972755054395036,1.1663795960086614,57
freelancer,0.3750119399460265,-1.2646498974176807,-0.10298322430244099,81
debtor,0.36172518376598,-0.5808907014694064,-1.3238132890367516,206
thinker,0.3613467125290101,-1.4782711462698603,-0.22153935122128757,331
dissident,0.3590106110661831,0.07524658730703271,0.2901203287963988,404
model,0.3509235195754017,1.5567739175165545,-0.7240836787459977,13343
boater,0.34892590136405294,0.4525087211083942,0.5165409672393441,66
sponsor,0.3407944772362358,1.4286073057429942,1.192660032185558,1230
survivalist,0.33931239172359673,-2.7492041306550923,0.20619893827144642,9
revolutionist,0.3300138602455681,-1.3912075383076543,0.6254917939828495,22
professional,0.3149583980559215,1.3005954237204378,-1.1962732160087315,10434
occupier,0.3142489846615773,-0.3643925639090668,0.8172671319338582,151
chemist,0.30699590715423386,-1.3159970272200452,-0.44737045796753855,615
commander,0.30628810978438736,-0.6623233491907549,-0.7547328087709215,13338
charmer,0.30118679502366946,-0.3252736759092475,0.7116293614443987,39
ideologue,0.29085543509324635,-1.06095704991948,0.8282041699834,53
protector,0.2900716796059216,-0.2802131204260951,-1.2095078218412683,583
wannabe,0.28879801367194313,-0.19656997750223407,-0.08800250379603664,119
capitalist,0.27705804788860583,-0.3653397466950172,-0.7540235441134823,443
reporter,0.27530396962659504,0.10489580593855469,1.5058640293105472,3118
technologist,0.27365972114170006,-0.6898615426554924,0.9701158975526257,20
brute,0.2671367047507673,1.2539663433850297,-0.5699596739007063,231
commentator,0.2629077242809642,-0.13793877149623598,3.4178650219021764,2151
virtuoso,0.2574860319659101,-1.3385428119347778,-1.0562328921987811,188
builder,0.24943544641953186,-1.2065168384470446,-0.6421107472248585,923
pasha,0.24255174351502382,-0.00015236829962874564,0.6024875962381847,588
being,0.21996039828851266,1.2897957757135918,0.2959169108735841,70106
hopeful,0.2144946367183952,-0.7748162584115053,-0.9548278151510866,286
senior,0.21392254080395018,-1.527358654005383,-0.9312110068438867,7238
prokaryote,0.20467232643761915,1.2202392832135196,-0.4802551588741419,111
horticulturist,0.2038575400375662,-0.584853457362266,0.5793674960510384,33
representative,0.18548906593278802,1.602573033024118,-2.0315321837629723,7269
cashier,0.18128480542081798,0.675800406566796,0.6490881584763386,69
fan,0.18059911483538235,0.6573877151343189,0.4148195431669051,15390
fucker,0.1776739801214223,-1.2284842092568045,0.04294406945675615,14
maker,0.17460777781341985,-0.41814942147603945,0.07059633041088588,1644
replacement,0.16832978130112364,0.6350755115901697,-1.364146901310605,4164
misfit,0.14989721663149227,0.8242606301511513,-0.10098803614496335,113
parliamentarian,0.13297888024974155,-2.022154350874351,-0.12270328719960302,453
architect,0.13095523540938953,-1.3940439670939289,-1.0221068622336122,3629
pedestrian,0.12274909551034793,-0.011148060840549898,-1.5322550464275186,817
nerd,0.11575053738705883,-0.946124358601996,0.847619770123414,130
conquistador,0.11539224297259522,-2.0858298328336615,-0.2883824565914682,164
cosmonaut,0.1086281384409069,-1.1655041040716447,0.3374468433658808,140
midget,0.10222008907375724,-0.03626081143903093,-1.3284847667737367,246
engineer,0.08690901996729888,-0.3457209068842636,-0.24030092787714954,6884
preteen,0.08660966889206223,-2.4353053367480846,-0.20366804683214243,26
exponent,0.0782013004469052,-0.17118234766726154,0.2664742664732671,241
payer,0.07566046644627492,-0.5020907820670772,2.1822567130989388,60
resister,0.0745844438952651,-1.3253368548619329,-0.46716084377773903,38
splitter,0.0737518330651487,2.10071024009519,0.2639138638208369,58
modifier,0.07056294674409744,2.258974068642992,-0.05139360713749469,35
neighbour,0.06766379958228977,-0.0841325712817737,1.6421981487309272,1286
blonde,0.060191733946384385,1.3423297529504994,-1.3769130086712145,672
tactician,0.04518232403491867,-0.7706794739728611,1.3751162493688038,70
coder,0.03910771152546679,-2.787990672439932,-0.7679204313429421,13
buster,0.035425254233160806,-0.9742817227163105,0.12229691423187748,503
veteran,0.03406654118201283,-1.555079992191391,-1.856614685886764,3569
terrorist,0.027755423943240935,0.8952632190207358,-0.873122969327138,1296
sultan,0.015886528904601935,-0.7757939553707498,-0.7124251201665736,1839
plotter,0.014358430620916641,-0.8040463599165496,0.27354914182410284,193
chum,-0.013966254683047682,1.3694842629233035,-0.02914152051875913,62
watcher,-0.02062328609439089,-0.7022336770428604,2.1759629298262477,160
specialist,-0.022567676768785405,1.2036033133724537,-0.4522966094690725,1592
receiver,-0.02508200907467003,0.7766228912212032,0.290092461900944,1421
associate,-0.026081062639068828,1.389357244826515,-0.612972146135786,2943
zealot,-0.04171446201082027,-1.364986973946195,0.6225284428369864,50
incarnation,-0.04689461980591631,2.811063224082068,0.30251613092984936,760
fellow,-0.05038176594235679,0.9301077763490433,0.20994435979090595,6533
peer,-0.05039891336283766,-0.23304455436997926,-0.9624179182206047,1542
namesake,-0.054109873903273265,-0.22827146530602244,-0.7751259083400752,462
predecessor,-0.05798703841702246,-1.12001797223671,-0.9006774911109465,3479
boomer,-0.06633285731103572,-1.5347656752676664,-0.6527789438521195,93
endorser,-0.06717942453794486,-2.183177335562027,-0.7669740589315749,43
cowboy,-0.07166346432384302,-0.46730610699058034,-0.8409950297046738,1034
busker,-0.07746539466541669,-1.0642359590450685,-0.6893484983599074,10
humpback,-0.09143382393212393,0.25357560300391235,-1.5673400440732337,148
ostrich,-0.09321016343484095,-0.1690262100074208,-0.7161703612120468,138
flatmate,-0.09746873585056842,-1.0374280508986018,1.7276066748366639,30
searcher,-0.10636800683999913,-1.6349147693449704,-0.08048938719564787,74
controller,-0.10812266497634826,2.4515075752978053,1.1032131410214032,1527
aggregator,-0.11508375186342457,1.7055403606323867,-0.543146782472796,455
head,-0.11879457132024118,1.005240850074731,-1.2056229467601918,26261
wrongdoer,-0.1259721494482977,-1.262786060346026,1.9366967386875897,13
rock,-0.12844575589765203,3.784354028166856,-0.43910268905413224,23186
ancestor,-0.1349630051093871,-0.46210135434605765,-0.8380446320309993,2019
resident,-0.13512508238966814,-0.6683355769137639,-0.2790477032334215,9711
mortal,-0.13793880730089925,0.9009038400427116,-0.6951729315054436,1116
giver,-0.139374240803683,-1.2961525666061235,0.015836981452316497,60
schoolfriend,-0.14268926080725855,-1.153598435597563,0.602615599594504,18
democrat,-0.14700705399037578,-1.8655389765819654,-0.3828139106039956,3155
spokesperson,-0.1494917117866544,0.30009148086891163,0.9691993559452893,627
believer,-0.15636020301007067,-2.7457315007535588,2.4125960331162406,583
outcast,-0.15687400140922383,-0.5343939555775621,-0.006543859463726651,247
smith,-0.15896093461917438,-0.7561866893931726,0.11785443539898438,12124
computer,-0.16192760629184233,2.965179409397461,-0.025877811250953668,7347
investigator,-0.16510026682828996,-0.9306156315084496,2.3796947238508874,1004
brawler,-0.16646777653831682,-1.4943170806998096,-2.0431587510481255,33
picker,-0.17341333323664695,-0.5961470948062149,-1.4240763344842133,71
dissenter,-0.18021426446562847,-0.8169046471859686,1.252329975117712,306
ascetic,-0.19155537090533795,-1.4668981569568453,-1.3093190332085296,192
machine,-0.19320169829130115,3.917193770068054,-0.7548060138652964,8820
magician,-0.19531403818845455,-1.047410617001852,0.35744190006625115,386
brunette,-0.19977434398016342,0.19005152604086506,-2.0965387845910106,79
insurgent,-0.2122524344194145,0.5484295921560748,-0.3497694541791902,641
looker,-0.2156819152963281,-1.5607387338543486,1.4743521346831672,11
workmate,-0.21654459296987896,-1.9484548469685046,0.2471711908684117,8
signaller,-0.22016337880769013,-0.5613346760018001,1.175653389260591,58
wisp,-0.23018525168177864,2.7862860566035406,-0.02915797824980742,32
automaton,-0.2319536675252496,3.584150148231351,-0.282476934328161,82
idiot,-0.23966408359701993,0.06685486139826619,0.5561688405763083,332
polymorph,-0.2418890710427117,1.249676440306125,-0.510879400416896,20
churchgoer,-0.2483827062155927,-1.3139598878988377,2.326091979195277,32
dummy,-0.2512779196560413,2.3318920457010273,-0.9423380252654671,368
marcher,-0.2550034166337355,-1.6599373269238629,-1.5429525791232237,188
biter,-0.2613541066117214,1.1590055511365616,1.1574636963416585,16
patrician,-0.26704679178992263,-1.2254447048481527,-0.6204723052632894,193
caster,-0.27152895249052,0.5513147296358643,0.04579578394766707,38
barbarian,-0.2724977790960533,-0.4182291052446229,-0.25881370761652933,481
accumulator,-0.28588493553949623,2.660883518494055,-0.4818855431124257,50
businessperson,-0.2935591143950359,-1.2367029500065998,-0.24806944639650855,53
geek,-0.3016763864493851,-0.5155793067287177,-0.06278677514542941,345
confidant,-0.30838447168379324,-0.0020895852226573,1.5110335146080205,139
raver,-0.33942228662861706,-0.08596483652534802,0.46525423130219523,29
plant,-0.3394641559871779,3.315362874568928,0.000299970018795548,13014
guru,-0.34255352151594715,-0.27172909530968786,0.5402329948227158,429
dribbler,-0.3502100604628478,1.3768070376880182,0.7083122179662669,16
sponge,-0.35299390221034527,2.960580797687286,-1.6846729106681866,537
outsider,-0.35306357293031665,-1.224601238453323,1.0839513795113,507
announcer,-0.3658841195497619,0.09026820638069893,2.1501677096192204,423
patriot,-0.3671244985054574,-2.3315538832302307,0.8657469921086021,1209
transmitter,-0.36760942584027884,3.5334835477369517,0.7150508286821798,352
pussycat,-0.3827743505449815,-0.5512384738872514,-1.1498245249497825,108
leader,-0.3918829668746231,-0.06561459263232877,-0.9520080620454682,16862
scientist,-0.4064487257477341,-0.23401421320331103,0.48986473246306633,4673
cyborg,-0.4105648625056546,0.8955932954423362,-1.7627000126214367,119
tourist,-0.41474724987044065,-0.11369802012125436,-1.0817554603149275,3046
loner,-0.4176987211835318,-0.969379090032827,-0.888881237919158,98
doer,-0.4187828557189453,-1.200533503229719,1.078224309601435,19
lawgiver,-0.4228033761596919,-1.2029162745522457,0.9509658084129577,21
agent,-0.4234340194866243,2.7147613984746872,-0.5258159166726775,8358
signer,-0.430261650618558,-2.387393053012118,-0.13475673841013738,159
protester,-0.4303519897050504,-0.8394511672421846,0.3234174531356286,913
mover,-0.43044200070561506,0.3723520972310402,-0.1630419484975917,142
chicken,-0.43532401764255374,2.161526160035763,-1.1596420199676072,1468
demon,-0.4410382313808501,1.4605402961952902,-0.7619899095212789,2116
mogul,-0.45294373706724317,-2.1477173385029986,-1.299148620489359,125
parent,-0.4574549003871579,-1.0286301645534592,-0.21950460773804578,9224
genius,-0.4641557082546531,-0.6736181378782147,-0.8235282050737839,1281
slider,-0.4642940759353185,1.570767950423767,-0.44565516264128474,152
emulator,-0.4918839797946756,-0.17244429158298752,-0.3367754296850866,52
outdoorsman,-0.5007320133912084,-2.0795589285928475,-0.065646242836459,17
drawer,-0.5106126056592173,4.951889465624539,-0.6386648920225153,110
politician,-0.519504916340871,-0.6923356488941801,-0.783411316756918,3356
demigod,-0.5276928348535744,-0.5673160404400451,-0.4266557679723013,82
runaway,-0.5365045511262444,-0.4185977755231129,-1.9970028499466053,431
congener,-0.538488122949066,-2.0547452783243854,-0.9218974230124767,60
successor,-0.5467467407446106,-0.8327878208676639,-1.609209605889948,3709
cheerleader,-0.5537692249308778,1.0484744491254034,-0.8587343857408115,274
salvager,-0.5554109632348724,0.03820468502052201,1.0997954320412826,10
qualifier,-0.5594412449961941,0.14325459200232962,-0.47527037881135165,473
puppet,-0.573419239769198,1.4272635146614765,-2.339763169992422,1148
southpaw,-0.5756304278998547,-1.930413928436387,-0.9567035694375144,24
supporter,-0.579519417366657,0.3479239886798952,1.015163042445629,5437
slave,-0.591738699838264,0.11739679811535587,-1.1441102937126273,4671
programmer,-0.5992192361520927,-1.7148339093818306,-1.1257891812345586,651
benefactor,-0.5996638444159897,-1.1195425399664198,0.07331279027061181,281
acquaintance,-0.6023106581243212,1.1328403139345145,0.2583161209454812,591
novice,-0.6084267385872857,-1.1544675510258695,0.2420707682316328,171
organism,-0.6134515950084212,2.406204909422711,0.5463763940034874,2288
gatekeeper,-0.6214893525691071,1.3652463868392795,0.9054260678710412,108
alien,-0.6230666639561092,2.944321579246017,-0.176294191819058,4595
hulk,-0.6233105800811285,1.8241900095825367,-1.2997355938217905,720
turner,-0.6237345793538188,-0.9180448220507458,0.3032272156407721,2053
migrant,-0.6245215173329959,-0.04307725843028065,0.23977328806988643,658
missionary,-0.627197491717671,-0.973362435739912,-0.7082349444065658,1668
guerrilla,-0.6281814322944858,1.4622130269625198,-1.541557871741836,977
renegade,-0.6294713067197669,-0.028900859855182544,-0.9624032055823096,228
dropout,-0.6357291753485068,1.1976146790907993,-0.45234598736680676,137
riser,-0.6455947415153132,4.7476144110985405,0.6423522783843258,49
nobody,-0.6488918374349469,1.4031070773224723,2.451664357903727,1310
hacker,-0.6518882639988021,-0.3118583395815513,0.07184525390692566,299
sympathizer,-0.6589367241434925,0.6704833826125086,1.7442358687980377,228
experimenter,-0.6631052346681737,-2.4643292616964683,0.43118817257300524,81
explorer,-0.6734648087350674,-2.318998847002184,-1.269739919746957,1410
boss,-0.6839378296284251,1.08986536219865,-1.1629966930950315,2627
overlord,-0.7006510865698704,-0.8408966505130568,-0.5954581561860248,505
fiddler,-0.702359392304017,-0.5142685469393216,0.13285805818707783,100
boxer,-0.7045046198182178,-1.2247655193146008,-0.7098225298803095,679
dresser,-0.7095629396978336,-0.14191216557040087,-0.6775908342266413,131
nigga,-0.7236415065208123,0.24704929746552762,0.41403093870581187,81
poster,-0.7349143739374756,3.368795964236561,-0.7551341209844135,1568
behemoth,-0.741025979838089,-2.009655108901366,-0.00388537872671317,86
crawler,-0.7484757792496964,1.1576112941188381,-1.1055688587307246,63
mascot,-0.7668451779907542,-0.6601648745743397,-0.1307204551134453,829
bullfighter,-0.7719985734821582,-1.2299770699439412,0.4776160955452148,23
bum,-0.7740615432448126,1.3709710639577406,-0.40869031292373637,105
aborigine,-0.776377119606022,-1.8686538067832492,0.39576813004820594,255
mountaineer,-0.7770595339053099,-1.7731010301504753,-0.33320497252335785,410
belligerent,-0.799794804131177,-1.9685297987006622,-1.0110987355042667,153
suspect,-0.8140454826881366,-1.647409720302958,4.222446894647769,1916
stooge,-0.8143992442480951,1.7289994096016919,0.8586406271023304,125
amputee,-0.8342967497726623,-0.49975072142266697,-1.2910492600174386,87
perfectionist,-0.8371966497218695,-2.0994481271625887,-0.7757498562898383,154
planter,-0.8389285019729473,-1.2834096838382771,-1.6208315161699083,217
pugilist,-0.8451867302964599,-1.008505369087579,-0.9497487005887398,19
artist,-0.8513652072305533,-1.8879295534620815,-1.3434921728240337,16479
virgin,-0.8580647446007813,0.30294525921754384,-1.0259547111529155,2279
individual,-0.8592573412487284,2.0435510497822964,-0.19542626206107683,14909
adult,-0.8669140317054608,0.29582136166914874,-0.546440868266347,9103
friend,-0.8788902760327618,0.2053395843854685,0.056010312082987325,19839
caller,-0.8819752538107214,0.12326683028917455,2.5538076200941555,185
imitator,-0.8837491890981864,-1.95732491958301,-0.1489487311150215,87
supplicant,-0.8895007483037226,0.5142741742504979,-0.6525863408897702,14
lout,-0.889777141832648,-0.6171250793442633,0.10696725326722437,9
correspondent,-0.899073472178969,0.7187059379340643,0.6376733238523737,901
navigator,-0.909363865861766,-0.5152895048402707,1.0988978720528628,384
presenter,-0.9206101492753245,-0.5868216551978419,0.8054068951178924,456
rescuer,-0.9273006707529783,0.32064062845704006,2.391233563141372,164
centurion,-0.927417200656308,-0.8422494565710338,-0.07646807920003743,212
denizen,-0.9514287688119886,-0.07558436961210492,0.6885472316014962,61
person,-0.9537503290368362,1.5310462609634867,-0.3528740410103494,60899
rover,-0.9578107665084977,1.596379613038162,-0.5968180392660696,1262
emcee,-0.9628522565375132,-0.45637211022986496,0.8508016850652916,36
champion,-0.9721774122037418,-2.6063587446976957,-1.4301509443392764,9505
admirer,-0.9946793407311263,0.5619546157065333,1.4151629586857242,452
parrot,-0.9958505697374312,2.441022695543104,0.11394292686395163,759
descendant,-0.998229369968527,1.4164697498549654,-0.7758491284147381,1833
suppressor,-1.0015857082097945,1.9096841417404509,-1.6706162703117404,50
stringer,-1.0022142533632117,-0.9862760477936492,0.6420325627719569,108
player,-1.0040597390095962,-0.11091167448364014,1.8925340804562054,48895
thoroughbred,-1.0083992192575755,-1.395555871723425,-1.8902292975331887,438
crab,-1.0304378692388652,1.429641858717531,-0.8629786626508587,850
enrollee,-1.0305712181211901,-2.420533859626554,0.2842084727866278,10
gull,-1.032097086777214,0.025452803296213303,0.12459770224840382,349
screamer,-1.0361874372508533,-2.2922206497085735,-1.1504756190734844,19
healer,-1.0557696057520365,0.24039674910903922,0.9914909581074024,136
gambler,-1.0629875713096069,-1.3664985620550747,0.6822781710303937,262
passenger,-1.0662030428371352,-0.3212500943135641,-0.9304279687856544,7407
potentate,-1.069078379121656,-0.10730934649835236,-0.2474823745045164,18
wasp,-1.0753861757069139,2.097406630936377,-0.6004841084113802,937
operator,-1.0766574995414238,0.931174631696896,1.0212391150052995,2222
slinger,-1.0859304579028053,-1.3517910964736273,0.7526048039257848,20
sovereign,-1.092055736631452,-1.5994692648499318,-1.6357454565353582,1393
speculator,-1.0993810871073937,0.1161896026807648,0.003741329834497044,159
responder,-1.102012039515023,-0.3672227618184114,1.9297882207892736,72
angel,-1.1124857642607557,3.260754348390016,0.32967367349162524,3956
scorpion,-1.1183552202724867,1.5245118492158405,-1.505956016051839,296
witness,-1.1193993053771112,1.8400580125738313,0.12070917764105944,3369
objector,-1.1316133088886893,-2.254206959387561,0.6265390179481747,72
investor,-1.1334081199512471,1.1254473283361928,-1.2074072631476362,1248
rat,-1.165345007634094,2.693782716276887,-0.9070583048606796,1830
homeowner,-1.1760264683696102,-0.6629876567429285,1.7361997227833113,100
salvor,-1.1822152299608457,-2.0490147547234385,0.7614828017978222,11
disciple,-1.1864250520826776,-1.1433635258854151,0.616739842409911,625
voyager,-1.1909329740148513,-1.3673170780262134,0.14887548146291774,828
ram,-1.2001163919668687,3.8914333373150707,-0.9902495123577754,1641
shaker,-1.2234816533600452,3.409627312182507,-0.0067176626316531145,125
booster,-1.2402048157677545,-0.2604227673008285,-0.574538432076847,379
sucker,-1.240928540682253,0.8008796843460761,0.7631650265634876,221
technician,-1.2442513776321789,1.1463554318280471,-0.07689570133844541,594
citizen,-1.259420154956407,0.6469397152406825,0.39836165034931265,5851
confessor,-1.2660201314655577,0.4060299763855145,0.837157627375753,213
dreamer,-1.278848045211089,-0.8739805787689875,1.6044352295652915,291
commoner,-1.2795364157300322,-1.3682720210250539,-0.6846813259190399,329
survivor,-1.2923946644974393,-1.2880695932251527,0.8154974426486679,4001
crony,-1.2937680931360924,-0.31644817696406624,0.061448204459872265,30
body,-1.2992758926725612,2.9582598497053194,-1.1599384751628419,23549
regent,-1.3076316366467389,0.4618525705394147,0.42071030060403264,1187
giant,-1.3130602149840027,-1.4127517731944366,-2.6527232182234504,7205
aspirant,-1.315097782310017,-1.4806883953423013,-0.5202160893153391,44
weasel,-1.3186298360907207,-0.8976361453545559,-1.4681948039097956,276
archer,-1.3189209937682316,0.27954116420969005,0.1263661922824077,1274
winner,-1.320589487473159,-1.6915894946285226,0.4931576968107739,6282
planet,-1.3236097312224884,0.7812997829500807,-1.168197329311145,8472
hater,-1.327618259541438,0.5362109356913246,1.7092959890105486,89
satellite,-1.3362462278486549,1.5648308473033932,-1.67911350262409,3314
holder,-1.3432561033486752,-1.0041827028080443,0.266725193534428,1316
billionaire,-1.3584423595951178,-1.500429198242793,-1.7852212341672002,205
bomber,-1.360810556670059,-1.3542642602439532,-1.3666164818823363,5051
waiter,-1.3715686578156692,1.1432703082048998,0.8476095140350633,227
sorcerer,-1.3867440476511144,0.861852405899125,1.209799443714368,320
juvenile,-1.393467472945372,-0.43305944690637915,-1.4125970669062493,1987
adolescent,-1.4125796781518682,-1.522236192144379,-0.4154276796971636,544
tapper,-1.4352137869181383,0.3768944737930594,0.4473764543218871,33
user,-1.4394264879232195,-0.023518659824951625,1.4136761678740584,3735
interpreter,-1.4420759424743193,2.0248392218736933,2.2821013414974862,413
aristocrat,-1.4453826027504555,-0.5907866773227134,-0.10934925522457345,329
astronaut,-1.4469848172767024,-1.901043691523818,-0.4368752335480229,871
westerner,-1.4493269672595372,-3.4688235603921402,1.4386677095834042,141
opener,-1.4506031126707413,-1.1730927351445213,-0.7048970477087858,1060
agonist,-1.4660828304274163,1.2101133675801858,-0.9193036113394826,139
punter,-1.469953816452349,0.04039337319843976,1.6029764886092435,155
shipowner,-1.4938822350594743,-1.636609944211837,0.1660212998561548,29
negotiator,-1.500555501851544,1.2370684690187994,0.9847881486881804,200
buddy,-1.511002528912499,-0.4275005480608847,-1.2011761939526615,470
mercenary,-1.5146392746205846,1.5963744739136283,-1.9930896222992702,836
lamb,-1.5259182112386898,1.3661612286991933,-1.495389270085316,1208
visitor,-1.5264522661586308,0.17860086502205078,-0.443152673381669,4245
warhorse,-1.5281820281028853,0.15805714842287444,-1.43900907676026,15
respondent,-1.531739090026577,-2.8372122859841,1.957138011548646,359
fencer,-1.5328881305399515,-0.14698810574970192,0.18716676751207298,49
dictator,-1.5434935675628108,-0.3063458312263503,-1.6785876435659128,627
vacationer,-1.54538311111848,-1.768955437271449,1.373417626967919,21
schemer,-1.5560469599103004,-0.6516317710651232,0.48412082095217346,18
fool,-1.5648446498994977,1.6539482362928974,2.0177062709598457,778
leech,-1.5685422538645046,2.930677149911568,-1.3390470959851435,264
comrade,-1.569358898651339,0.4162865655385489,0.6080295879333781,558
appointee,-1.5698085685313061,-1.5327820146769706,-0.5167812882952163,220
possessor,-1.570497044246225,-1.0180939952140757,1.067444758248595,56
bidder,-1.5713309307106593,-2.619323071581855,0.4850103864790733,174
bodybuilder,-1.573597716438915,-1.6364358905867782,0.05828715136680525,35
poisoner,-1.591614676594696,0.6733576595924627,0.9543746038290534,25
creature,-1.598880221624839,3.023994695980769,0.23474259938434597,3100
trespasser,-1.6097909928481415,0.3547884173023936,0.3271468424435238,49
vassal,-1.6288088634631026,0.5477116127502564,-0.9464776531236462,538
moron,-1.6366208463840948,0.7619725160758295,1.2223958023150696,30
mouse,-1.649078841387951,2.460733582956067,-0.6061332290975034,2010
beast,-1.689159771904507,1.4434706723121091,-0.2287732165254185,1452
communicator,-1.6897797435961899,2.6374119921254553,1.5081506770331952,78
islander,-1.6947554300778054,-2.1669805445187134,0.9156493281694006,792
accuser,-1.7071125150600595,-0.9085604854947829,3.5636760536173266,77
manipulator,-1.7268756945428028,2.8425678361178393,0.15885197694189032,68
classmate,-1.7294551396728477,0.7240746107627518,-0.0980037417734142,643
whale,-1.7478898527622897,0.39265004969291983,0.04214819437123835,3152
petitioner,-1.7480890673609766,-3.047471820891919,1.865065476535882,122
dynast,-1.7553870508050295,-2.1616090662657044,-1.3245005606410245,28
saint,-1.770450167954678,-1.439027180076848,-0.5490421488592546,9060
goat,-1.7811416207400423,4.732868415408822,-0.8198278675293043,783
teen,-1.7818176961100853,-1.8808570382221723,-0.013295932628952694,1712
captor,-1.783155612295756,-1.1101180723678428,2.2583450194695853,246
roommate,-1.7834288267406462,0.7792632391141183,0.7615325353264902,289
monster,-1.7938524312242647,3.4014464708303094,-0.7521826938500391,4255
murderer,-1.796670118362112,0.2483885504974448,0.6511609852686777,716
torchbearer,-1.8373862625803696,-0.6917599730771261,-0.26859660947677555,15
guide,-1.8537390921549906,4.382840848607544,1.0178884299123239,5052
celebrant,-1.8548249651324784,-2.0622795091375132,0.08599077143867005,16
ewe,-1.8610414282134597,1.7752751123297557,0.3272243194106752,175
devotee,-1.8655241315800568,-0.10455691544135456,0.932204280922965,453
neighbor,-1.8671072019991852,1.2821761007199233,0.7587321922195,1329
compatriot,-1.884770397393143,-1.3028008754153921,0.49348402189822205,226
sphinx,-1.8864514853503596,2.4359957209348644,-2.0202076774577176,69
caregiver,-1.8913573235353562,1.034189897108869,1.5810509314035381,298
sweetheart,-1.9010056849975305,1.4147415364119476,-0.07534447763071227,277
addict,-1.934027601216827,-0.5967140780163697,1.4406058149655614,217
dwarf,-1.9365877514910823,-1.063353216240731,-0.3137581891725273,1721
lion,-1.938143204981252,1.668666873981981,-2.0398273951107724,3873
deserter,-1.9456473944785142,0.0865599798393194,1.6224570283715625,207
puller,-1.9511261495449814,-0.28509907476415164,0.922460914370793,75
spouse,-1.9521515797628455,2.453294377418837,-0.5627420080141478,281
helper,-1.9544037485827637,1.9437070548008604,-0.8615162183606292,418
abductor,-1.9579286321853449,1.216916459089903,1.5881715578823488,34
schoolmate,-1.9663350030993696,-0.6477252762820606,0.8429182172131039,97
millionaire,-1.9671954001495031,-0.7761669220743362,-1.8530657072878847,540
adventurer,-1.9709936557284633,-2.0533626848036586,-0.2144079410640788,344
killer,-1.9752525005709543,-0.18649124174107487,0.6317581688396907,2525
tyrant,-1.9799887587292957,0.102114940499544,0.8319470954075868,429
achiever,-1.9844724963768507,-2.756467934856731,0.3995703615143582,31
messenger,-1.9872417713748232,3.786518046781273,-0.6789784084167376,889
traveller,-2.0113061464167723,-1.952281086806615,-0.24426728900599376,634
beginner,-2.013160036070729,-1.0785701113380683,0.906470348152156,137
fox,-2.0187279059875696,-0.22865913113720643,-1.4699608338195318,8609
coward,-2.026873691832258,1.0074923582749522,0.38703291017074726,459
follower,-2.035116436325236,1.110300913688357,0.9044199021452758,2032
litigant,-2.041764944180853,-1.4667347025907307,1.6298280755458119,42
troublemaker,-2.055068808120607,0.3335591048110455,1.4880614213175967,70
student,-2.0779150693700132,0.2533286125635716,-0.7765502986661769,18684
occupant,-2.0836490166629176,-0.8325787453801473,0.5746273023643945,563
flyer,-2.0862030425822815,3.0694109607385536,-0.9380060726130767,823
courier,-2.1240948336857164,3.0694824017853577,-1.18641345128239,512
captain,-2.148938285396876,0.050080719075964425,0.332180286671106,14431
snake,-2.165254338619849,4.238485139784512,-0.5958856814506343,2467
captive,-2.1893530193908446,-0.21928943424515424,-1.2868769109825324,1416
companion,-2.2011726642507794,0.5354035597451,-1.238167274438599,2853
combatant,-2.208636975016859,-1.2911906003611304,0.39331164691616505,405
driver,-2.2089556409742217,0.6525820135688094,-0.029898686276229755,5904
shark,-2.2249920062177497,1.6933698553373369,-0.4254597898080617,5499
warrior,-2.2261575935796074,-0.6552219031102796,-1.8434190177925813,3556
snatcher,-2.2297511175147746,-0.8380184979792129,0.07255384359361483,62
executioner,-2.246194526827569,0.14512898794336496,-0.10188766908369522,191
starter,-2.2551782427106986,-2.1874985842749486,-1.3289730207518882,1165
processor,-2.2605815910840525,2.93202680476837,0.553405105651771,557
debater,-2.2794849194695286,-1.3141251087066637,1.7709162404472167,43
animal,-2.3155125813679986,0.5616770850871065,-0.44117144375280715,13753
entertainer,-2.321854881737627,-2.4114193019802945,-0.5607603367033374,590
pal,-2.327137686276495,-0.2304680023744826,-0.396758783208665,472
ape,-2.3412553962558396,1.86619544390211,-0.40115331072409594,579
clone,-2.3464518936593373,2.332629535695148,-1.7039833692859718,960
reliever,-2.3973833692140545,1.1937458666856506,0.050082796429954356,168
contender,-2.45536359461472,-3.3976729974677813,-1.4831625862092694,1130
rambler,-2.4553788443732865,-1.4633012825384577,-0.20012897856312056,77
informant,-2.465155552212569,2.4833583082816406,1.7154094310173713,292
fugitive,-2.46687266464693,-1.3744656255694565,-0.2605618654445811,487
striker,-2.4789125945429045,-2.0206530306673036,-0.19740369455082543,1310
grownup,-2.479221949370231,-2.576238897709584,1.6224568070693313,13
flier,-2.504686656969344,1.3520782064424646,0.03504011010354075,122
entrant,-2.5052260121567236,-1.9094239300470022,-0.3863448429320103,292
musher,-2.5325951342323707,-2.3264115160716967,0.9652369992393496,84
traveler,-2.5356236569814805,-1.2764868481493814,-0.45738562397782007,829
ringer,-2.537565312911964,1.8315754344181066,-0.6916679383056538,95
tiger,-2.5452807489659537,-0.37853883031514624,-1.2668360442586026,3542
swimmer,-2.565446385376091,-1.4003452686126847,1.46941871703579,827
patient,-2.568215852462556,0.9394998294921639,0.882427086473163,3626
sender,-2.5698682637668355,0.06418972705363622,1.7851623071114289,51
wanderer,-2.5703684999961096,-1.3286325807726842,0.4226265131631182,916
avatar,-2.5854130993802777,1.553730923199656,0.6226264898230337,1070
shooter,-2.6366005559446015,-1.0312685744900325,-0.016899401748069712,1260
comer,-2.6481078516859142,-3.341015909077647,0.9060604792218974,86
foreigner,-2.6487368989286653,-1.3420231501729505,0.6458116829209043,674
victor,-2.6614009056107832,-2.133401718653843,0.6591636713256762,2507
intruder,-2.668065872469217,0.7085503531896689,1.3147891572969237,316
wrestler,-2.672695482966572,0.7672548561990667,-0.7433316355293371,2065
star,-2.681944995261883,2.9244348455010325,0.02638185821499316,33474
thrower,-2.6955092845118798,-0.6640966693347933,0.12002032328980285,235
youth,-2.702163478748784,-0.37117431527824124,-0.2018897897072845,5357
nestling,-2.7071420091272,0.8704755593787173,-1.2568754219941256,272
pitcher,-2.7205371889972443,1.4094116531393603,-0.15583129844485852,2335
dancer,-2.743703273487226,-0.6617045310068675,-0.9360999335467013,2778
recipient,-2.7597515787120073,-2.625037336873694,0.18191952071597683,1481
bull,-2.764835243146987,2.7360651687630986,-0.9723575870348556,2281
retainer,-2.7863232058164895,2.731199241098894,-1.5994761729209144,185
inhabitant,-2.792370081714303,-1.4179932596591325,0.1373627968520468,2505
gatherer,-2.8055883181919823,-1.8309978481363307,-1.7592156695552255,171
foe,-2.8115170152798705,1.0173130294205672,0.9184334621794819,562
defender,-2.817892653100572,1.927795790194311,0.5468988918796934,2919
engine,-2.833835136651614,6.175007274582259,0.16248962214300494,11862
snowboarder,-2.858477006820586,-1.5080020610350076,0.15079185204084294,30
carrier,-2.866326450356906,-0.4194901734137157,-1.5230395602554894,5988
hunter,-2.8703771317455473,0.12918660803516316,-0.28900270454800514,3750
claimant,-2.8780149940889856,-2.261477512640805,0.4014505888825175,479
baby,-2.8790357001914226,-0.7574563840740307,-1.9626600940243153,4783
ace,-2.8811765266018052,-1.6502077134136888,-0.1692078783984767,1789
wearer,-2.887810797887747,-1.3791429584579742,0.8054695514895053,110
loser,-2.8898826363635175,-0.9066498221211425,1.9284475957917433,433
sidekick,-2.893511571244482,0.1525203410266825,-0.22272667902981313,232
mourner,-2.9136408737494865,1.3365129255494521,0.6990295592074017,297
chieftain,-2.9209379145477414,0.32301911048920257,-0.38490205869996313,399
opponent,-2.960002612606402,2.2050382793584835,1.1125681345674021,5810
orphan,-2.9745231410693513,-1.1634647478028508,-1.447716134443387,521
worshipper,-2.980209224316286,-0.9135787050795665,0.6342206380924783,137
antagonist,-2.9883627975551517,1.3254728319510725,0.29852912662919256,1229
goon,-2.9888759939769054,1.1669939271545529,0.534922491626714,90
ruler,-2.994020513854494,0.36326031847279644,-0.5809845412821494,3298
fighter,-2.998316807934282,0.3731700098207926,-1.2646265178277196,8401
worker,-3.0056342113624024,1.2714090731527663,-1.3946832760622612,7973
interloper,-3.022598844841108,0.37193384946801317,0.6631233989091513,18
worshiper,-3.0246952983036803,-1.060483498499315,1.0838359803507878,65
figure,-3.036827686245581,2.6840247001741995,-0.29602482313976713,13312
kidnapper,-3.0434600380292447,0.4614775616588528,1.2153640150459024,124
scoundrel,-3.0770170501501966,0.48312897548115497,1.6493280696499704,60
seeker,-3.0864665607821977,0.09877032844809955,-0.31259615843642685,292
registrant,-3.098304826702197,-1.0948845018548319,0.08188057024334212,35
exterminator,-3.1016150102643905,0.12569363712121362,-0.8640701087344218,23
partner,-3.1066416810354585,1.8794299733939084,0.14193451145729494,5081
zooid,-3.1153363034612984,2.4792225272984947,-0.8464427192949738,90
chap,-3.116191974069207,-1.3805168445397524,0.6067829870314361,69
cousin,-3.14021112459189,-0.19033373151428856,-1.5864322731125207,2632
retiree,-3.163290530321021,-1.7212200887060651,0.022330118505475144,36
chameleon,-3.170237905215668,0.5984835252859144,-1.8062966204737545,101
villager,-3.194237774398981,1.024803460848757,0.9722265446940606,732
eukaryote,-3.2237764435578806,-1.8184578375994427,-0.8417649227998866,237
lover,-3.277495599671827,1.8558840593839754,-1.0586860198026542,2602
fella,-3.314001678225319,-0.08038511908683806,0.5456563825503177,69
personage,-3.3246787808726244,1.3945152544946657,0.7259382713027556,69
sufferer,-3.3405200363811387,-1.5078415847610653,2.410205159442975,124
mate,-3.345506289927708,1.297531325046783,0.8409087330883769,2721
castaway,-3.3479829855742405,-1.7692531069024153,0.8118655206658103,70
child,-3.3655265227409226,-0.9232674268974738,-1.954231842686932,33477
householder,-3.379988270845358,0.7479760272744413,0.6224621863786195,161
character,-3.429006751507756,-0.18910605167554265,-0.83757944997916,55096
employee,-3.4689020813147535,1.6048945891351374,0.38597829714404286,4274
parachutist,-3.5481608385978363,-0.6177522603230494,-1.3823075063556387,45
rusher,-3.6379720528680406,-0.7712843519911348,0.7662378229173118,168
beater,-3.6485796437621505,-1.1378952938623883,-0.04779402448928129,57
adversary,-3.661853241146157,0.3642239165466007,0.8929463328256224,393
farmer,-3.67084589933913,0.1991867776252241,-1.1444025039627739,3297
applicant,-3.7043573221484825,-2.801954800473524,0.32096894787282504,654
offender,-3.7108764114986608,-0.27098766699558946,1.4604564921557144,349
jumper,-3.747036969005865,-0.6018349419599571,-0.9021795520760683,338
candidate,-3.751495055423533,-0.4659138474871434,-0.6755350991404477,7030
villain,-3.7585355428330387,1.0390971707155852,-0.1090693096613514,2332
servant,-3.803737153537935,2.32585612554602,-1.02975629776367,2040
sitter,-3.8128199767052213,-0.11713006711402595,0.5929426913519673,177
competitor,-3.8230451048451948,-0.7813020066164572,-0.06971775473882594,1834
client,-3.8612961048093544,-0.06630262905286093,-0.234127084307719,1587
bearer,-3.8753119764239243,-0.5185063497487051,0.06338005418585979,524
runner,-3.943870824201763,-0.31120094299047574,-1.5863195790794962,2996
superstar,-3.9939029631243668,-1.4100665835770148,-1.7572495421899927,775
performer,-3.994522959340276,-0.7995956064841221,-0.25750004004321764,2579
stranger,-4.0240827977410145,0.6637814803507804,0.7192926727770265,1010
participant,-4.034305122091643,-0.9312398673209606,-0.09996254378993456,2266
learner,-4.113062939135287,-0.7507319629845607,0.8075345486731251,89
pursuer,-4.140074210408268,-0.31549704711329685,1.0425841625272338,163
youngster,-4.145602067235717,-2.725551910197099,0.33524055717106566,228
subject,-4.146333543023179,-0.7113456487383125,-0.9049568375769335,10965
rounder,-4.150650995182279,-3.2218781366261444,-0.17657882151542809,274
pupil,-4.1726842108547135,2.732286784508754,-0.7055958993064703,1820
challenger,-4.2251578932868465,0.2928605833381734,-0.5171822903397955,609
prisoner,-4.250849822039887,0.3407379591757843,0.45156524849045004,6417
finisher,-4.307181230517261,0.16546474092849792,0.25670526998425375,380
teenager,-4.408002324799183,-1.0563896545422478,-0.4925665178472189,1559
athlete,-4.417459845014135,0.05367693120797345,-0.4809610634614425,3745
victim,-4.4551459503029,0.2613122123357634,0.2649783680663485,4986
dweller,-4.508203617043242,-1.5502681089405297,0.5377556626090843,195
protagonist,-4.532146347174019,-1.3737215615665788,0.8698085306254075,3547
walker,-4.581889707134034,0.5658227065097553,0.23916036171237298,3008
motorcyclist,-4.805268087478758,0.25784110793321574,-1.1281503824196746,44
kid,-4.851267718617316,-0.18681408978584207,-0.33101015948944706,3955
rider,-5.200225923060853,1.5901019046660292,-0.4750342264790489,4494
contestant,-5.309697425891675,1.6221229067658423,0.3461815604963113,1231
